epoch,time,train/box_loss,train/pose_loss,train/kobj_loss,train/cls_loss,train/l1_loss,train/rle_loss,metrics/precision(B),metrics/recall(B),metrics/mAP50(B),metrics/mAP50-95(B),metrics/precision(P),metrics/recall(P),metrics/mAP50(P),metrics/mAP50-95(P),val/box_loss,val/pose_loss,val/kobj_loss,val/cls_loss,val/l1_loss,val/rle_loss,lr/pg0,lr/pg1,lr/pg2
1,54.176,3.03655,3.93588,0.70531,6.41556,0.02115,18.7078,0.05898,0.03571,0.01238,0.00218,0.07881,0.05102,0.02429,0.00806,3.35379,3.72248,0.70501,4.51649,0.02859,0,0.000646465,0.000646465,0.000646465
2,85.2887,2.45096,2.75965,0.60679,3.82302,0.01503,12.869,0.04345,0.06633,0.00779,0.00147,0.08671,0.16327,0.03681,0.01969,2.96049,2.53223,0.36922,6.44206,0.02137,0,0.00130013,0.00130013,0.00130013
3,147.605,2.48651,2.16599,0.48979,3.70614,0.01444,10.228,0.04404,0.06633,0.00779,0.00147,0.08675,0.15816,0.03687,0.01971,2.95968,2.53578,0.36934,6.41202,0.02135,0,0.0019406,0.0019406,0.0019406
4,181.12,2.30421,2.04285,0.38171,3.45777,0.01385,10.2301,0.00299,0.2602,0.00138,0.00032,0.00373,0.29082,0.0025,0.0009,2.88053,3.68596,0.10743,151.927,0.02452,0,0.0019406,0.0019406,0.0019406
5,212.56,2.32576,1.86928,0.3656,3.24819,0.01384,9.50908,0.02529,0.05612,0.00528,0.0014,0.01224,0.04592,0.00318,0.00144,nan,nan,nan,nan,nan,0,0.0019208,0.0019208,0.0019208
6,243.768,2.25679,1.5258,0.32985,2.98985,0.01356,8.50645,0.12609,0.10714,0.03866,0.00991,0.15571,0.22959,0.08702,0.05078,nan,nan,nan,nan,nan,0,0.001901,0.001901,0.001901
7,275.275,2.16121,1.40469,0.3169,3.04951,0.0134,8.55123,0.11767,0.03061,0.02591,0.00869,0.1457,0.03571,0.02434,0.01734,3.24813,7.86754,0.07734,4.21971,0.03029,0,0.0018812,0.0018812,0.0018812
8,306.06,2.1783,1.38416,0.29946,2.92648,0.01259,7.83768,0.16874,0.30612,0.1232,0.04253,0.20249,0.31633,0.14646,0.11857,1.96387,1.25448,0.07337,8.01307,0.01371,0,0.0018614,0.0018614,0.0018614
9,337.206,2.17385,1.38187,0.30665,2.88133,0.01294,7.78351,0.15711,0.16327,0.09016,0.03245,0.15787,0.17347,0.1002,0.06922,2.00822,1.1681,0.09976,3.31022,0.01393,0,0.0018416,0.0018416,0.0018416
10,368.033,2.16492,1.2817,0.28545,2.87232,0.01287,7.48747,0.28155,0.39286,0.23997,0.09116,0.29462,0.44898,0.27967,0.23309,1.93422,0.96271,0.04917,5.46882,0.01345,0,0.0018218,0.0018218,0.0018218
11,399.225,2.08832,1.27345,0.30954,2.82418,0.0122,7.28801,0.19399,0.22449,0.13142,0.04576,0.30542,0.2551,0.22391,0.16593,1.98105,1.11467,0.07808,3.27105,0.01408,0,0.001802,0.001802,0.001802
12,430.062,2.10074,1.24848,0.27209,2.63221,0.01245,7.13775,0.27257,0.28571,0.18232,0.07126,0.30915,0.35204,0.22079,0.1894,1.92004,0.99124,0.0835,2.74805,0.01326,0,0.0017822,0.0017822,0.0017822
13,461.09,2.10636,1.15031,0.2756,2.6113,0.0126,6.75657,0.30116,0.42857,0.27244,0.08589,0.36439,0.5,0.34863,0.30618,2.2096,0.7653,0.09662,2.96877,0.01486,0,0.0017624,0.0017624,0.0017624
14,499.348,2.03945,1.27593,0.29033,2.68924,0.01201,6.71654,0.27735,0.34694,0.23756,0.09041,0.31813,0.39796,0.29712,0.2589,1.98431,0.89003,0.07636,2.73404,0.01376,0,0.0017426,0.0017426,0.0017426
15,530.42,2.06387,1.14258,0.27158,2.70712,0.01249,6.91012,0.24039,0.30612,0.18443,0.0676,0.26978,0.37245,0.23382,0.19725,1.92791,0.89572,0.08136,2.78738,0.01327,0,0.0017228,0.0017228,0.0017228
16,561.257,2.08443,1.13615,0.24485,2.66348,0.01262,6.62322,0.25453,0.36224,0.22813,0.08547,0.29755,0.42347,0.28978,0.23264,1.90878,0.85666,0.04766,2.62536,0.01336,0,0.001703,0.001703,0.001703
17,592.378,2.0748,1.21097,0.26011,2.6207,0.01188,6.50921,0.2137,0.28571,0.16071,0.07134,0.24041,0.32143,0.18173,0.14552,1.87216,1.21585,0.05752,2.76324,0.01302,0,0.0016832,0.0016832,0.0016832
18,623.219,1.99412,0.98787,0.26098,2.62165,0.0116,6.18408,0.32912,0.39046,0.25743,0.10342,0.37956,0.40306,0.30267,0.25789,1.9496,1.02328,0.05419,2.58688,0.01367,0,0.0016634,0.0016634,0.0016634
19,653.902,1.97734,1.00617,0.25475,2.56286,0.01177,6.22021,0.26248,0.29592,0.2097,0.08002,0.32579,0.35204,0.26869,0.24095,1.97428,1.10952,0.08691,3.1575,0.01363,0,0.0016436,0.0016436,0.0016436
20,685.283,2.05843,1.07553,0.272,2.58213,0.01239,6.43605,0.31777,0.42347,0.2974,0.12102,0.37953,0.41327,0.33806,0.29696,1.89914,0.9721,0.05515,3.31277,0.01307,0,0.0016238,0.0016238,0.0016238
21,716.833,1.95288,1.01755,0.25565,2.48141,0.01109,5.89611,0.31649,0.36224,0.2509,0.09807,0.34323,0.39286,0.28089,0.24095,1.8595,1.16655,0.0507,2.65463,0.01312,0,0.001604,0.001604,0.001604
22,748.05,1.95773,0.96964,0.23517,2.4227,0.01149,5.91175,0.23668,0.10714,0.08668,0.02489,0.40513,0.17347,0.2024,0.14838,2.15528,1.50432,0.04471,3.26251,0.01603,0,0.0015842,0.0015842,0.0015842
23,778.856,1.99825,0.93716,0.20833,2.54645,0.0119,6.28605,0.27236,0.31122,0.19432,0.06327,0.33946,0.37755,0.26308,0.2265,1.9715,1.12729,0.04856,2.82975,0.01407,0,0.0015644,0.0015644,0.0015644
24,809.938,2.02841,1.08534,0.23395,2.55075,0.01204,6.28609,0.31061,0.41327,0.23347,0.08587,0.39233,0.47959,0.34026,0.26063,1.92896,0.85392,0.03075,2.39133,0.0138,0,0.0015446,0.0015446,0.0015446
25,840.703,1.93723,0.9733,0.2101,2.44477,0.01123,5.98068,0.26189,0.40306,0.24344,0.10969,0.28658,0.42347,0.27784,0.24575,1.80016,0.78142,0.04115,2.42005,0.01258,0,0.0015248,0.0015248,0.0015248
26,871.553,1.90803,0.93082,0.23145,2.41256,0.011,5.75191,0.28946,0.35714,0.25119,0.1042,0.306,0.37755,0.27272,0.23664,1.8364,1.08574,0.03879,2.37976,0.01285,0,0.001505,0.001505,0.001505
27,902.223,1.95532,0.8358,0.2445,2.46419,0.01174,5.87645,0.38073,0.39796,0.34796,0.14953,0.38743,0.42347,0.38146,0.33295,1.85904,0.75559,0.05545,2.36467,0.01312,0,0.0014852,0.0014852,0.0014852
28,935.112,1.87407,0.92101,0.22661,2.36859,0.01071,5.7755,0.38097,0.44898,0.32528,0.14788,0.41285,0.46939,0.37211,0.33534,1.78291,0.60671,0.04448,2.26221,0.01241,0,0.0014654,0.0014654,0.0014654
29,966.505,1.88198,0.88631,0.21659,2.3856,0.01125,5.79907,0.36676,0.34184,0.29592,0.11193,0.3874,0.39796,0.34633,0.29935,1.83227,1.08223,0.04743,2.48692,0.01279,0,0.0014456,0.0014456,0.0014456
30,997.281,1.8951,0.8705,0.20996,2.27997,0.01107,5.76285,0.32296,0.43367,0.29984,0.12307,0.38995,0.47615,0.37457,0.33757,1.86514,0.7254,0.04007,2.28394,0.01294,0,0.0014258,0.0014258,0.0014258
31,1027.86,1.96195,0.91541,0.23091,2.38753,0.01168,5.86838,0.37286,0.39796,0.31285,0.14184,0.40768,0.42347,0.34127,0.30663,1.81306,0.9433,0.05215,2.30271,0.01253,0,0.001406,0.001406,0.001406
32,1058.81,1.84531,0.86129,0.21102,2.40846,0.01065,5.59842,0.3193,0.39286,0.25653,0.10363,0.38216,0.5,0.33384,0.30309,1.8307,0.6868,0.06038,2.90021,0.01244,0,0.0013862,0.0013862,0.0013862
33,1089.67,1.89941,0.91034,0.21805,2.47077,0.01125,5.7648,0.28535,0.41837,0.29427,0.13623,0.29927,0.43878,0.31272,0.27676,1.69343,0.83734,0.04528,2.41254,0.01176,0,0.0013664,0.0013664,0.0013664
34,1121.54,1.89491,0.90742,0.21279,2.44884,0.01062,5.54889,0.42971,0.39286,0.33962,0.14194,0.42517,0.40816,0.37253,0.3383,1.70164,0.61628,0.04142,2.32556,0.01182,0,0.0013466,0.0013466,0.0013466
35,1152.92,1.89201,0.89983,0.20579,2.37305,0.0109,5.44588,0.37205,0.36735,0.29857,0.13133,0.39008,0.37755,0.31899,0.29266,1.87748,0.82055,0.05086,2.42343,0.0128,0,0.0013268,0.0013268,0.0013268
36,1183.93,1.86903,0.87499,0.21243,2.46359,0.01124,5.64709,0.40654,0.47185,0.32903,0.14439,0.42413,0.49226,0.36455,0.33414,1.76223,0.58782,0.03145,2.163,0.01227,0,0.001307,0.001307,0.001307
37,1214.87,1.88896,0.83838,0.18617,2.41009,0.01103,5.45465,0.34697,0.37411,0.29842,0.1291,0.37063,0.39962,0.34064,0.31405,1.79196,0.64747,0.03275,2.31933,0.01246,0,0.0012872,0.0012872,0.0012872
38,1245.77,1.86172,0.82665,0.21876,2.29699,0.01111,5.46424,0.42618,0.35204,0.33245,0.14279,0.4437,0.37755,0.35244,0.31447,1.82979,0.85979,0.04509,2.42583,0.01264,0,0.0012674,0.0012674,0.0012674
39,1276.56,1.88662,0.83196,0.1981,2.3704,0.01098,5.48027,0.33143,0.42996,0.31436,0.13327,0.38773,0.4898,0.37226,0.34679,1.77421,0.60418,0.04991,2.49493,0.01214,0,0.0012476,0.0012476,0.0012476
40,1307.2,1.84403,0.8556,0.21723,2.34388,0.01075,5.21653,0.41111,0.39286,0.36055,0.13957,0.44604,0.40306,0.38242,0.34664,1.78581,0.54755,0.04063,2.29237,0.01248,0,0.0012278,0.0012278,0.0012278
41,1338.26,1.88012,0.85757,0.1912,2.20211,0.01097,5.43142,0.43,0.32143,0.32317,0.14354,0.43401,0.36224,0.34578,0.319,1.80511,0.65495,0.04551,2.47206,0.01257,0,0.001208,0.001208,0.001208
42,1369.08,1.82566,0.79941,0.18504,2.37794,0.01075,5.33749,0.45569,0.41327,0.33057,0.14279,0.47429,0.44388,0.36175,0.31149,1.79759,0.7263,0.03526,2.24664,0.0126,0,0.0011882,0.0011882,0.0011882
43,1402.36,1.84883,0.76798,0.18754,2.2601,0.01105,5.2736,0.40375,0.42857,0.37302,0.14432,0.39813,0.51531,0.40507,0.35814,1.78265,0.78385,0.03593,2.18368,0.01245,0,0.0011684,0.0011684,0.0011684
44,1458.87,1.89421,0.8366,0.2105,2.34999,0.01104,5.34186,0.41616,0.40306,0.37175,0.16844,0.44776,0.43367,0.40186,0.36071,1.76577,0.84173,0.04161,2.27856,0.01236,0,0.0011486,0.0011486,0.0011486
45,1501.25,1.81835,0.66946,0.1976,2.20233,0.01076,4.99245,0.41951,0.37755,0.35543,0.14786,0.44158,0.43367,0.38697,0.35701,1.8689,0.63945,0.04513,2.30047,0.01284,0,0.0011288,0.0011288,0.0011288
46,1538.01,1.79182,0.68379,0.19305,2.17268,0.01052,5.06413,0.4137,0.4788,0.38663,0.18039,0.456,0.5,0.42285,0.39134,1.83682,0.6265,0.04035,2.15507,0.01266,0,0.001109,0.001109,0.001109
47,1580.68,1.85368,0.66282,0.21351,2.17898,0.01104,4.92792,0.49727,0.45918,0.42867,0.18867,0.50832,0.46939,0.45132,0.41679,1.69998,0.58042,0.04098,2.13917,0.01173,0,0.0010892,0.0010892,0.0010892
48,1638.42,1.89554,0.81761,0.21132,2.29072,0.01104,5.19361,0.46444,0.39379,0.38574,0.1792,0.45753,0.42857,0.40853,0.37113,1.75409,0.60834,0.0409,2.26795,0.01222,0,0.0010694,0.0010694,0.0010694
49,1675.02,1.78206,0.72981,0.20248,2.22856,0.01003,4.62966,0.44574,0.46364,0.39775,0.18056,0.4509,0.49018,0.42021,0.38755,1.79228,0.69067,0.04394,2.1782,0.01243,0,0.0010496,0.0010496,0.0010496
50,1707.34,1.79361,0.79465,0.20456,2.27785,0.01064,5.25168,0.35372,0.45918,0.33337,0.14921,0.38045,0.48876,0.36846,0.3361,1.82287,0.7387,0.04286,2.38295,0.01279,0,0.0010298,0.0010298,0.0010298
51,1744.9,1.79764,0.70506,0.18379,2.08847,0.01017,4.73442,0.46639,0.38776,0.36173,0.16318,0.51155,0.46429,0.42221,0.3809,1.81401,0.68574,0.03951,2.26519,0.01285,0,0.00101,0.00101,0.00101
52,1776.87,1.86093,0.78486,0.19823,2.1695,0.01126,5.224,0.44134,0.44898,0.39112,0.15626,0.47644,0.48469,0.43183,0.38983,1.76799,0.63983,0.04666,2.28832,0.01232,0,0.0009902,0.0009902,0.0009902
53,1814.46,1.89731,0.73935,0.18686,2.0751,0.01139,5.05456,0.45076,0.42857,0.35972,0.15978,0.48242,0.46429,0.39737,0.36346,1.78563,0.6847,0.05066,2.26377,0.01227,0,0.0009704,0.0009704,0.0009704
54,1851.48,1.85157,0.71823,0.18465,2.2743,0.01095,4.94293,0.4541,0.42017,0.37304,0.15763,0.49306,0.45408,0.40591,0.37923,1.7522,0.57841,0.0437,2.19495,0.012,0,0.0009506,0.0009506,0.0009506
55,1903.4,1.81995,0.7466,0.19553,2.19957,0.01038,5.00111,0.43288,0.42347,0.4033,0.17781,0.45896,0.44898,0.42911,0.39068,1.78946,0.63054,0.04024,2.12336,0.01247,0,0.0009308,0.0009308,0.0009308
56,1941.62,1.75481,0.61479,0.17841,2.10587,0.01042,4.76885,0.39191,0.42857,0.3773,0.17539,0.4178,0.46865,0.40313,0.3647,1.67051,0.60755,0.03964,2.21346,0.0115,0,0.000911,0.000911,0.000911
57,1978.64,1.79012,0.66302,0.19234,2.03398,0.01083,4.68746,0.41215,0.34694,0.31872,0.14049,0.43829,0.36735,0.34173,0.31251,1.77702,0.7504,0.04255,2.60948,0.01238,0,0.0008912,0.0008912,0.0008912
58,2015.44,1.77996,0.64876,0.20472,2.04639,0.01061,4.6734,0.47279,0.40306,0.40814,0.19118,0.48594,0.43367,0.44102,0.41171,1.69453,0.56312,0.04244,2.20543,0.01171,0,0.0008714,0.0008714,0.0008714
59,2071.75,1.73982,0.64038,0.19388,2.04681,0.01001,4.46549,0.42438,0.42857,0.372,0.17203,0.43546,0.45918,0.39657,0.35924,1.67064,0.58473,0.04104,2.35165,0.01169,0,0.0008516,0.0008516,0.0008516
60,2102.96,1.78514,0.71928,0.16384,2.11781,0.01053,4.89177,0.45456,0.45408,0.3897,0.18406,0.48137,0.46939,0.43506,0.3997,1.7191,0.68297,0.0418,2.20397,0.01189,0,0.0008318,0.0008318,0.0008318
61,2138.53,1.75559,0.69415,0.1759,2.0675,0.01038,4.77913,0.35042,0.46429,0.35026,0.15203,0.42276,0.53571,0.41947,0.38816,1.75402,0.68511,0.04167,2.26119,0.01199,0,0.000812,0.000812,0.000812
62,2175.59,1.83491,0.70352,0.18332,2.14769,0.01079,4.9709,0.49789,0.42347,0.40356,0.19028,0.51813,0.45918,0.4403,0.39947,1.72739,0.59871,0.0407,2.18792,0.01185,0,0.0007922,0.0007922,0.0007922
63,2212.38,1.71894,0.67742,0.20525,2.03009,0.0098,4.61793,0.4897,0.44898,0.42561,0.19609,0.53476,0.47449,0.46502,0.42922,1.72337,0.59676,0.03952,2.15611,0.01181,0,0.0007724,0.0007724,0.0007724
64,2248.17,1.7371,0.64828,0.17234,1.93924,0.01067,4.54437,0.4918,0.43878,0.40772,0.18851,0.52039,0.46429,0.43799,0.39898,1.73494,0.58617,0.04432,2.21191,0.012,0,0.0007526,0.0007526,0.0007526
65,2283.92,1.71887,0.69651,0.16794,2.01936,0.0098,4.62125,0.50592,0.47449,0.40099,0.18862,0.53308,0.49513,0.4522,0.41649,1.70713,0.55062,0.04397,2.19038,0.01181,0,0.0007328,0.0007328,0.0007328
66,2320.9,1.71022,0.59727,0.16349,1.93998,0.01005,4.20682,0.48637,0.43878,0.42482,0.2103,0.51814,0.47959,0.4689,0.43343,1.7207,0.61686,0.04329,2.16146,0.01193,0,0.000713,0.000713,0.000713
67,2387.88,1.71979,0.6864,0.17667,2.00886,0.00958,4.36066,0.44572,0.44898,0.40701,0.19216,0.5245,0.47449,0.46283,0.41684,1.76577,0.61275,0.0418,2.13376,0.0122,0,0.0006932,0.0006932,0.0006932
68,2423.29,1.72607,0.58412,0.17288,1.96202,0.00997,4.36956,0.43221,0.43498,0.39867,0.1861,0.45897,0.44898,0.43752,0.40209,1.70128,0.56563,0.04907,2.15326,0.01165,0,0.0006734,0.0006734,0.0006734
69,2459.95,1.71211,0.67646,0.17101,2.1132,0.00994,4.62463,0.42499,0.46939,0.39768,0.19741,0.4827,0.4949,0.45406,0.41609,1.7279,0.57363,0.04174,2.16989,0.01193,0,0.0006536,0.0006536,0.0006536
70,2496.89,1.67604,0.54783,0.16541,1.96251,0.00964,4.29482,0.42477,0.45408,0.37421,0.17442,0.46295,0.4949,0.41874,0.38195,1.77511,0.67508,0.04836,2.29052,0.01234,0,0.0006338,0.0006338,0.0006338
71,2533.67,1.74715,0.62969,0.18802,1.98419,0.01027,4.57866,0.50401,0.43878,0.40282,0.18785,0.53286,0.4898,0.44286,0.40362,1.80884,0.68188,0.03913,2.16576,0.01271,0,0.000614,0.000614,0.000614
72,2570.66,1.75423,0.62451,0.16405,1.99489,0.01015,4.3065,0.47682,0.47449,0.39586,0.1872,0.48003,0.49457,0.41306,0.38516,1.74945,0.59154,0.04281,2.24091,0.01215,0,0.0005942,0.0005942,0.0005942
73,2605.97,1.69545,0.61658,0.16371,1.97329,0.00964,4.22305,0.51358,0.4949,0.40353,0.17899,0.53301,0.5102,0.42868,0.39213,1.76377,0.58905,0.04041,2.24777,0.01213,0,0.0005744,0.0005744,0.0005744
74,2642.26,1.69658,0.54484,0.16955,1.89321,0.01029,4.12556,0.47813,0.47449,0.40492,0.1896,0.51538,0.53061,0.43335,0.40372,1.72841,0.62834,0.04423,2.19188,0.01195,0,0.0005546,0.0005546,0.0005546
75,2677.55,1.68045,0.5582,0.18527,1.92931,0.0099,4.28247,0.50557,0.50605,0.43864,0.20353,0.52879,0.54082,0.46646,0.43025,1.68702,0.65014,0.04065,2.12814,0.01167,0,0.0005348,0.0005348,0.0005348
76,2713.09,1.71826,0.50231,0.18023,1.93479,0.0096,4.12267,0.49483,0.4898,0.41794,0.1818,0.54122,0.53571,0.46772,0.43594,1.72501,0.57436,0.04235,2.14955,0.01171,0,0.000515,0.000515,0.000515
77,2743.9,1.67486,0.54033,0.17823,1.8313,0.00974,4.00898,0.45493,0.45138,0.40317,0.19638,0.49854,0.51531,0.44853,0.41838,1.7585,0.59254,0.03947,2.16455,0.01231,0,0.0004952,0.0004952,0.0004952
78,2775.87,1.68559,0.52256,0.18382,1.88185,0.00973,4.16226,0.49464,0.44388,0.40643,0.19186,0.49247,0.4898,0.44233,0.4057,1.68095,0.59796,0.0419,2.25845,0.01159,0,0.0004754,0.0004754,0.0004754
79,2812.25,1.73836,0.60883,0.19002,2.00672,0.01027,4.37102,0.4299,0.48469,0.39706,0.18067,0.48165,0.51531,0.43534,0.40719,1.72368,0.60438,0.04464,2.24952,0.01187,0,0.0004556,0.0004556,0.0004556
80,2849.21,1.65053,0.58245,0.17243,1.9255,0.00978,4.23452,0.48141,0.46939,0.41526,0.20052,0.51483,0.53598,0.44815,0.41672,1.72815,0.63,0.04471,2.1579,0.01207,0,0.0004358,0.0004358,0.0004358
81,2883.9,1.70304,0.66449,0.19293,2.04036,0.00982,4.30362,0.50977,0.47449,0.41189,0.17747,0.54177,0.48469,0.43627,0.40683,1.70798,0.61192,0.04615,2.27428,0.01178,0,0.000416,0.000416,0.000416
82,2941.68,1.66323,0.49727,0.17224,1.87541,0.00945,3.74426,0.48962,0.45408,0.39085,0.18938,0.52001,0.5,0.43033,0.39695,1.70863,0.59098,0.04476,2.21713,0.01197,0,0.0003962,0.0003962,0.0003962
83,2973.36,1.64334,0.46487,0.18212,1.85761,0.00958,4.04065,0.44466,0.47959,0.40562,0.19723,0.48848,0.53571,0.44558,0.41289,1.72961,0.58529,0.04459,2.22467,0.01197,0,0.0003764,0.0003764,0.0003764
84,3004.26,1.67619,0.5898,0.18804,1.8582,0.00995,4.01709,0.43559,0.46429,0.39207,0.18446,0.45921,0.52551,0.43224,0.40334,1.65423,0.59999,0.04576,2.28793,0.01139,0,0.0003566,0.0003566,0.0003566
85,3042.04,1.70283,0.58372,0.18175,1.87421,0.01006,4.06146,0.48225,0.43246,0.38451,0.18301,0.50071,0.45539,0.41525,0.3882,1.65971,0.59804,0.04531,2.22211,0.01153,0,0.0003368,0.0003368,0.0003368
86,3072.89,1.61856,0.52224,0.14707,1.8585,0.0095,3.9026,0.46196,0.4949,0.39801,0.18479,0.48612,0.5,0.42198,0.3938,1.67035,0.60012,0.04392,2.22662,0.01151,0,0.000317,0.000317,0.000317
87,3104.46,1.63791,0.43881,0.19232,1.72612,0.00949,3.65227,0.49151,0.4898,0.41784,0.18717,0.52385,0.52203,0.44849,0.41686,1.70597,0.5995,0.0437,2.24034,0.01174,0,0.0002972,0.0002972,0.0002972
88,3136.4,1.64496,0.56566,0.15583,1.86517,0.00957,4.03432,0.43297,0.51425,0.39279,0.188,0.46734,0.55507,0.44959,0.4128,1.73841,0.6161,0.03967,2.17385,0.01224,0,0.0002774,0.0002774,0.0002774
89,3173.07,1.65217,0.56286,0.18027,1.79438,0.00942,3.87374,0.42652,0.5102,0.39068,0.18949,0.50727,0.48849,0.44205,0.41012,1.70513,0.63716,0.04269,2.23136,0.01191,0,0.0002576,0.0002576,0.0002576
90,3204.26,1.62145,0.45492,0.14888,1.76236,0.00956,3.71592,0.45952,0.45547,0.39781,0.19061,0.45906,0.5102,0.4375,0.4074,1.68642,0.63119,0.04277,2.21221,0.01176,0,0.0002378,0.0002378,0.0002378
91,3242.91,1.60503,0.35489,0.07867,1.77442,0.01136,4.28998,0.44479,0.46939,0.38807,0.1898,0.45466,0.5051,0.43077,0.40095,1.67874,0.59569,0.04305,2.19823,0.0117,0,0.000218,0.000218,0.000218
92,3279.61,1.58977,0.3457,0.06119,1.66536,0.01137,4.33287,0.44186,0.46429,0.38543,0.18612,0.46435,0.5,0.4255,0.39481,1.67911,0.57038,0.04261,2.21011,0.01175,0,0.0001982,0.0001982,0.0001982
93,3316.24,1.54097,0.39365,0.06952,1.71878,0.01116,4.4932,0.46242,0.46429,0.39596,0.18702,0.46322,0.5,0.43036,0.39789,1.70968,0.60349,0.04123,2.19674,0.01179,0,0.0001784,0.0001784,0.0001784
94,3353.5,1.51769,0.29209,0.06225,1.60122,0.01045,4.00888,0.47019,0.5051,0.40137,0.18746,0.473,0.53061,0.43476,0.40246,1.71321,0.57967,0.03878,2.14225,0.01185,0,0.0001586,0.0001586,0.0001586
95,3392.27,1.55546,0.31132,0.06838,1.57623,0.01121,4.27649,0.48544,0.4669,0.39553,0.18807,0.50991,0.4949,0.43711,0.40686,1.72738,0.60095,0.0383,2.11491,0.01195,0,0.0001388,0.0001388,0.0001388
96,3423.21,1.53417,0.3327,0.06964,1.57714,0.01077,4.19276,0.51137,0.47959,0.4119,0.19154,0.52295,0.5051,0.4425,0.41163,1.7158,0.60723,0.03773,2.11783,0.01192,0,0.000119,0.000119,0.000119
97,3459.79,1.53515,0.29548,0.06158,1.59709,0.01103,4.22177,0.50604,0.47564,0.41494,0.19115,0.53739,0.5051,0.44761,0.41273,1.70113,0.60955,0.03728,2.13179,0.01183,0,9.92e-05,9.92e-05,9.92e-05
98,3494.62,1.53777,0.35086,0.07375,1.57904,0.01084,4.30918,0.50631,0.48662,0.40884,0.19391,0.53956,0.51531,0.44432,0.411,1.69328,0.60772,0.03658,2.13328,0.01178,0,7.94e-05,7.94e-05,7.94e-05
99,3531.67,1.52876,0.35984,0.06245,1.5946,0.01045,4.03173,0.48433,0.5102,0.41437,0.19335,0.52876,0.52041,0.4467,0.41314,1.69506,0.60901,0.03542,2.13602,0.01175,0,5.96e-05,5.96e-05,5.96e-05
100,3563.24,1.52659,0.34805,0.06503,1.57614,0.01113,3.98925,0.47197,0.52041,0.4169,0.19379,0.51245,0.52551,0.44985,0.41593,1.69648,0.61243,0.03588,2.13632,0.01175,0,3.98e-05,3.98e-05,3.98e-05
